"TerrID","FemID","MaleID","Repro","Npups","hs_8km","nterr_50km","area_buffer50km","densTerr_50km","Delta_bfem"
205,42,5,NA,0,433.695129394531,11,4626.76520502006,18.6726134016876,4
205,42,5,NA,0,433.695129394531,14,4626.76520502006,23.7651443294205,5
192,3,42,1,6,336.645263671875,7,7283.84186159043,7.5479221655997,1
192,3,42,1,6,336.645263671875,11,7283.84186159043,11.8610205459424,2
192,54,13,NA,0,336.645263671875,12,7283.84186159043,12.9392951410281,1
192,54,13,1,5,336.645263671875,16,7283.84186159043,17.2523935213707,2
80,48,NA,1,6,409.996978759766,5,7850.39343644146,5.00228536159498,2
80,48,NA,NA,0,409.996978759766,7,7850.39343644146,7.00319950623297,3
102,77,85,1,5,408.4814453125,5,7850.39343644145,5.00228536159498,1
102,77,85,1,5,408.4814453125,6,7850.39343644145,6.00274243391398,2
102,77,85,1,4,408.4814453125,6,7850.39343644145,6.00274243391398,3
102,77,100,1,7,408.4814453125,9,7850.39343644145,9.00411365087097,4
102,77,100,1,7,408.4814453125,13,7850.39343644145,13.005941940147,5
104,47,80,1,4,475.745300292969,7,6666.39828349855,8.24701271958339,1
104,16,64,1,4,475.745300292969,12,6666.39828349855,14.1377360907144,1
104,16,124,1,3,475.745300292969,17,6666.39828349855,20.0284594618454,2
104,114,124,1,3,475.745300292969,22,6666.39828349855,25.9191828329764,1
157,46,48,1,5,290.81005859375,11,7746.12749326234,11.153159827135,1
162,55,108,1,3,354.071502685547,6,7850.39343644164,6.00274243391384,1
162,55,108,1,6,354.071502685547,6,7850.39343644164,6.00274243391384,2
162,55,108,1,5,367.643646240234,9,7850.39343644166,9.00411365087073,3
162,55,108,1,5,367.655090332031,11,7850.39343644164,11.0050277955087,4
52,82,119,1,5,462.130828857422,7,7850.39343644152,7.00319950623292,1
52,82,119,1,3,462.130828857422,7,7850.39343644152,7.00319950623292,2
52,82,119,1,5,462.130828857422,10,7850.39343644152,10.0045707231899,3
10,81,121,1,1,368.691131591797,15,7850.39343644151,15.0068560847848,1
10,81,121,1,6,368.691131591797,18,7850.39343644151,18.0082273017418,2
178,65,123,1,2,362.009338378906,16,5258.15761440533,23.898809309048,1
1,95,34,1,3,322.167572021484,18,7717.34502993921,18.318692356386,1
1,95,34,1,6,322.167572021484,21,7717.34502993921,21.371807749117,2
48,113,48,0,0,468.784027099609,9,7850.39343644163,9.00411365087077,1
48,113,48,1,2,468.784027099609,12,7850.39343644163,12.0054848678277,2
151,69,13,1,5,281.550262451172,14,7850.39343644165,14.0063990124656,1
8,1,NA,1,2,372.934326171875,15,4860.21229133217,24.2396252360668,1
52,82,119,1,6,462.130828857422,13,7850.39343644152,13.0059419401468,4
10,81,121,1,2,368.691131591797,26,7850.39343644151,26.0118838802937,3
179,144,NA,1,1,362.009338378906,24,5258.15761440533,35.848213963572,1
1,95,34,1,7,322.167572021484,28,7717.34502993921,28.4957436654893,3
199,1,NA,1,2,477.936187744141,11,4950.4146933661,17.4518304677572,1
53,1,NA,1,6,411.647735595703,13,7850.39343644146,13.0059419401469,1
78,101,129,1,3,311.56591796875,28,6243.56224596816,35.2221179332833,1
61,106,72,1,2,398.153137207031,24,7850.39343644174,24.010969735655,1
150,69,149,1,3,281.550262451172,20,7850.39343644165,20.0091414463794,2
8,1,NA,1,1,372.934326171875,19,4860.21229133217,30.7035252990179,2
8,1,NA,1,4,373.366607666016,18,4907.58435980349,28.8067731590051,3
1,173,159,1,3,326.170227050781,36,7548.43034096077,37.4572362798136,1
179,144,NA,1,5,351.857269287109,23,5191.10410476037,34.7982960726525,2
1,95,34,1,1,299.420135498047,26,7749.7934259316,26.3495439504298,4
78,101,195,1,4,340.127716064453,27,6012.31228607807,35.2705405220459,2
205,20,99,1,3,403.861724853516,23,4755.53983821723,37.9855040072869,1
102,1,100,1,1,384.059143066406,14,7850.39343644167,14.0063990124656,1
10,81,185,1,4,395.057006835938,26,7850.39343644152,26.0118838802937,4
52,1,119,0,0,445.576690673828,15,7850.39343644138,15.0068560847851,1
53,1,NA,1,6,402.642913818359,15,7850.39343644155,15.0068560847848,2
61,106,121,1,2,382.748626708984,24,7850.39343644145,24.0109697356559,2
104,114,124,1,4,494.326538085938,18,6447.62238549319,21.926170758638,2
108,1,NA,0,0,370.919586181641,8,4632.2614868618,13.5639694024187,1
150,69,149,1,2,293.001617431641,23,7850.39343644153,23.0105126633367,3
152,116,138,1,2,395.443756103516,8,6717.54133073319,9.35340029607797,1
173,141,171,1,3,403.295166015625,12,7769.16664477913,12.1310024506976,1
162,1,108,1,1,365.997894287109,14,7850.39343644159,14.0063990124657,1
47,1,NA,1,4,465.232238769531,21,7850.3934364417,21.0095985186983,1
159,143,168,1,4,311.334320068359,17,7704.89677024501,17.3289392134608,1
96,179,67,1,7,628.11962890625,2,7850.39343644166,2.00091414463794,1
75,45,206,1,4,335.040435791016,28,7824.60153373057,28.1051354248882,1
37,128,174,1,4,366.527313232422,13,7850.39343644158,13.0059419401467,1
158,1,NA,1,3,268.313262939453,31,7731.91854589957,31.4893941533216,1
108,1,NA,1,3,462.036682128906,8,5746.92672310477,10.93312236246,2
152,1,138,0,0,331.673370361328,9,7041.1245420341,10.0389979304854,1
173,141,171,1,8,407.827453613281,13,7792.16244323906,13.1031356167707,2
205,20,99,1,7,403.861724853516,29,4755.53983821723,47.8947659222313,2
179,144,NA,1,2,381.402526855469,32,5450.79190356443,46.1084218098353,3
78,101,162,1,1,340.127716064453,35,6012.31228607807,45.7210710470966,3
61,1,NA,1,1,382.748626708984,40,7850.39343644145,40.0182828927599,1
75,45,206,1,1,335.040435791016,34,7824.60153373057,34.1276644445071,2
150,69,149,1,7,293.001617431641,29,7850.39343644153,29.0132550972506,4
67,133,144,1,2,302.595092773438,36,7845.27881794857,36.0399350213298,1
158,1,166,1,2,239.698989868164,36,7830.74343000465,36.1068321737766,2
52,1,119,1,6,473.346130371094,20,7850.39343644179,20.0091414463791,2
8,1,NA,0,0,373.366607666016,24,4907.58435980349,38.4090308786735,4
10,81,185,1,4,395.057006835938,34,7850.39343644152,34.0155404588456,5
37,128,174,0,0,366.527313232422,18,7850.39343644158,18.0082273017417,2
47,1,NA,1,4,456.044219970703,31,7850.3934364415,31.0141692418887,2
53,1,NA,1,2,374.231201171875,18,7850.39343644172,18.0082273017413,3
61,106,121,1,1,382.748626708984,33,7850.39343644145,33.0150833865269,3
162,1,108,1,4,390.939178466797,24,7850.39343644174,24.010969735655,2
96,179,67,1,4,628.11962890625,6,7850.39343644166,6.00274243391382,2
102,1,100,1,6,383.853790283203,15,7850.39343644149,15.0068560847849,2
104,114,187,1,5,476.681365966797,27,6657.56944473316,31.8520904479744,3
108,123,NA,1,3,462.036682128906,12,5746.92672310477,16.39968354369,1
152,147,138,1,2,331.673370361328,15,7041.1245420341,16.7316632174757,1
159,143,163,1,3,311.334320068359,26,7704.89677024501,26.5030835029401,2
164,1,NA,1,4,325.630493164062,15,7806.54210605157,15.0911534081514,1
173,141,171,1,7,407.827453613281,22,7792.16244323906,22.1745371976119,3
186,1,41,1,3,215.254287719727,37,6777.16384444308,42.8788984783554,1
205,20,99,1,4,403.861724853516,29,4755.53983821723,47.8947659222313,3
179,144,184,1,7,381.570159912109,30,5401.98869506524,43.6171681059745,4
2,95,159,1,4,340.873565673828,41,7543.29406261073,42.6886774292749,6
78,101,162,1,3,340.127716064453,36,6012.31228607807,47.0273873627279,4
157,132,143,1,1,292.225952148438,38,7805.72342437948,38.2349317116313,3
30,1,NA,1,4,372.696533203125,28,7850.3934364417,28.012798024931,1
16,199,222,1,1,419.763275146484,24,7850.39343644165,24.0109697356553,1
105,115,NA,1,4,441.743774414062,22,7850.39343644156,22.0100555910176,1
199,1,NA,1,4,477.936187744141,19,4950.4146933661,30.1440708079442,4
106,141,171,1,4,426.107360839844,29,7850.39343644155,29.0132550972505,4
181,1,NA,1,5,332.828796386719,25,7850.39343644147,25.0114268079748,1
192,174,165,1,3,347.333801269531,40,6909.15770652352,45.469980380149,1
75,45,205,1,3,335.040435791016,39,7824.60153373057,39.1464386275228,3
88,1,NA,1,3,405.485229492188,11,7850.39343644147,11.0050277955089,1
50,64,223,1,6,522.122009277344,9,7850.39343644163,9.00411365087077,1
65,160,90,1,2,515.654357910156,6,7548.0033680846,6.24322585799338,1
70,1,NA,1,5,451.398834228516,16,7576.36520532405,16.5862788735798,1
89,1,NA,1,4,356.958374023438,28,7850.39343644154,28.0127980249316,1
135,186,NA,1,6,338.895812988281,31,7850.39343644142,31.014169241889,1
163,138,188,1,4,373.185241699219,23,7850.39343644166,23.0105126633363,1
96,179,67,1,4,628.11962890625,10,7850.39343644166,10.0045707231897,3
11,1,172,1,5,318.620880126953,24,7850.39343644152,24.0109697356557,1
8,142,161,1,6,373.366607666016,24,4907.58435980349,38.4090308786735,1
37,128,174,1,5,366.527313232422,24,7850.39343644158,24.0109697356555,3
47,1,NA,1,4,456.044219970703,34,7850.3934364415,34.0155404588457,3
52,150,119,1,3,460.911041259766,24,7850.39343644162,24.0109697356554,1
53,1,NA,1,6,368.389678955078,22,7850.39343644163,22.0100555910174,4
67,133,49,1,0,291.750518798828,41,7850.29391960966,41.0192599526217,2
102,1,100,1,7,383.853790283203,18,7850.39343644149,18.0082273017419,3
104,114,187,1,6,476.681365966797,29,6657.56944473316,34.2115045552317,4
98,1,NA,1,2,319.9091796875,23,7850.39343644177,23.010512663336,1
105,115,NA,1,7,406.708648681641,29,7850.39343644153,29.0132550972506,2
108,1,NA,0,0,462.036682128906,15,5746.92672310477,20.4996044296126,4
139,149,89,1,7,347.092376708984,12,4255.64751181487,22.1465192655255,1
140,81,185,1,1,395.057006835938,39,7850.39343644152,39.0178258204405,6
150,69,149,1,2,293.001617431641,34,7850.39343644153,34.0155404588456,5
152,147,138,1,7,331.673370361328,19,7041.1245420341,21.1934400754692,2
159,143,163,1,4,311.334320068359,29,7704.89677024501,29.5611315994331,3
164,1,NA,1,1,325.630493164062,20,7806.54210605157,20.1215378775352,2
177,1,NA,1,0,485.686920166016,8,7850.39343644142,8.00365657855201,1
13,1,NA,1,3,375.422760009766,17,7850.39343644141,17.007770229423,1
14,66,NA,1,4,327.876831054688,9,7202.31121622323,9.8143266215087,1
64,1,NA,1,5,443.092987060547,25,7850.39343644166,25.0114268079742,1
189,1,NA,1,6,277.595306396484,37,7850.39343644154,37.0169116758025,1
201,1,NA,1,1,453.852447509766,15,7850.39343644157,15.0068560847847,1
186,175,NA,1,3,215.254287719727,38,6777.16384444308,44.0377876264191,1
205,20,99,1,7,403.861724853516,34,4755.53983821723,56.152484184685,4
179,144,184,1,6,381.570159912109,33,5401.98869506524,47.978884916572,5
2,173,159,1,0,340.873565673828,44,7543.29406261073,45.8122391923925,3
78,101,27,1,2,336.128112792969,40,5807.37164275456,54.0966352223958,5
157,132,143,0,0,292.225952148438,42,7805.72342437948,42.2596613654872,4
192,174,18,1,3,339.352355957031,46,7024.02516938728,51.4353446137127,2
75,60,75,1,3,344.468231201172,43,7842.16169831861,43.0648108586324,1
8,142,52,1,1,373.366607666016,27,4907.58435980349,43.2101597385077,2
16,18,53,1,2,419.763275146484,30,7850.39343644165,30.0137121695691,1
20,1,NA,1,2,398.336303710938,9,6830.22136928182,10.3489815167151,1
9,1,216,1,5,324.614105224609,24,7850.39343644157,24.0109697356556,1
37,128,174,1,1,329.185943603516,26,7850.3934364417,26.0118838802931,4
47,1,NA,1,6,456.044219970703,36,7850.3934364415,36.0164546034836,4
49,1,231,1,1,282.260772705078,21,7850.39343644148,21.0095985186989,1
50,64,88,0,0,452.894348144531,14,7850.39343644156,14.0063990124658,2
52,1,119,0,0,460.911041259766,26,7850.39343644162,26.0118838802934,4
53,1,NA,1,6,400.004119873047,24,7850.39343644173,24.0109697356551,5
65,160,90,1,3,515.654357910156,9,7548.0033680846,9.36483878699007,2
61,1,NA,0,0,382.748626708984,43,7850.39343644145,43.0196541097169,2
70,1,NA,1,5,451.398834228516,17,7576.36520532405,17.6229213031786,2
89,1,NA,1,1,356.958374023438,31,7850.39343644154,31.0141692418885,2
96,179,67,1,4,628.11962890625,14,7850.39343644166,14.0063990124656,4
102,1,NA,1,6,394.64697265625,20,7850.39343644154,20.0091414463797,4
104,114,187,1,4,476.681365966797,32,6657.56944473316,37.7506257161178,5
98,1,NA,0,0,319.9091796875,26,7850.39343644177,26.0118838802928,2
105,115,NA,1,6,406.708648681641,31,7850.39343644153,31.0141692418886,3
106,141,171,1,5,426.107360839844,31,7850.39343644155,31.0141692418885,5
108,1,NA,1,1,462.036682128906,15,5746.92672310477,20.4996044296126,5
134,1,NA,1,4,314.229736328125,11,5410.07015755908,15.969071649285,1
135,186,21,1,7,338.895812988281,33,7850.39343644142,33.015083386527,2
139,149,89,1,9,347.092376708984,12,4255.64751181487,22.1465192655255,2
140,1,NA,1,4,395.057006835938,42,7850.39343644152,42.0191970373975,1
150,1,NA,1,4,293.001617431641,37,7850.39343644153,37.0169116758025,1
136,1,NA,1,4,400.165130615234,12,7850.39343644158,12.0054848678278,1
152,1,NA,1,4,331.673370361328,19,7041.1245420341,21.1934400754692,4
159,143,163,0,0,311.334320068359,32,7704.89677024501,32.6191796959262,4
161,1,NA,1,3,267.712036132812,40,7850.39343644143,40.01828289276,1
163,138,188,1,1,373.185241699219,25,7850.39343644166,25.0114268079743,2
181,190,25,1,4,332.828796386719,28,7850.39343644147,28.0127980249318,1
190,1,NA,1,5,423.414215087891,33,7850.39343644151,33.0150833865267,1
199,1,NA,1,2,477.936187744141,21,4950.4146933661,33.3171308929909,5
16,1,NA,1,2,419.763275146484,28,7850.39343644165,28.0127980249312,1
47,1,NA,1,4,456.044219970703,33,7850.3934364415,33.0150833865267,5
140,1,NA,1,2,395.057006835938,40,7850.39343644152,40.0182828927595,2
179,202,184,1,9,381.570159912109,34,5401.98869506524,49.4327905201045,1
78,101,74,1,3,336.128112792969,40,5807.37164275456,54.0966352223958,6
150,1,NA,1,2,262.473266601562,38,7850.39343644173,38.0173687481205,2
205,20,99,1,4,403.861724853516,33,4755.53983821723,54.5009405321943,5
108,1,NA,1,1,462.036682128906,15,5746.92672310477,20.4996044296126,6
173,141,NA,1,2,407.827453613281,24,7792.16244323906,24.1904042155766,6
157,132,143,1,2,292.225952148438,41,7805.72342437948,41.2534789520233,5
37,128,NA,1,2,329.185943603516,23,7850.3934364417,23.0105126633362,5
75,60,75,1,3,294.808258056641,44,7850.39343644163,44.0201111820348,2
164,1,218,1,6,325.630493164062,17,7806.54210605157,17.1033071959049,4
50,64,88,1,6,452.894348144531,13,7850.39343644156,13.0059419401468,3
135,1,NA,1,4,338.895812988281,31,7850.39343644142,31.014169241889,1
65,160,90,1,5,515.654357910156,8,7548.0033680846,8.32430114399117,3
70,1,NA,1,4,451.398834228516,15,7576.36520532405,15.5496364439811,3
181,190,25,1,3,332.828796386719,28,7850.39343644147,28.0127980249318,2
192,174,18,1,2,339.352355957031,45,7024.02516938728,50.3171849481972,3
105,1,NA,1,6,406.708648681641,29,7850.39343644153,29.0132550972506,1
190,1,NA,1,5,423.414215087891,32,7850.39343644151,32.0146263142077,2
134,1,NA,1,5,314.229736328125,11,5410.07015755908,15.969071649285,2
201,1,NA,1,5,453.852447509766,14,7850.39343644157,14.0063990124657,2
139,149,89,1,6,347.092376708984,13,4255.64751181487,23.9920625376526,3
13,1,NA,1,5,375.422760009766,15,7850.39343644141,15.006856084785,2
14,66,NA,1,2,318.209625244141,9,7357.50914906801,9.60730503674932,2
132,1,NA,1,2,356.106262207031,6,6046.42867313456,7.79367331549405,1
168,1,NA,1,5,468.513885498047,11,7850.39343644164,11.0050277955087,1
22,125,96,1,3,268.664581298828,41,6631.040382371,48.5614969031171,1
102,1,NA,1,2,394.64697265625,22,7850.39343644154,22.0100555910177,5
163,1,NA,1,6,373.185241699219,26,7850.39343644166,26.0118838802932,1
79,1,NA,1,5,459.283233642578,29,7850.39343644143,29.013255097251,1
104,1,NA,1,8,476.681365966797,32,6657.56944473316,37.7506257161178,1
67,133,NA,0,0,291.750518798828,44,7850.29391960966,44.0206692174476,4
11,1,172,1,5,321.972930908203,28,7850.39343644143,28.012798024932,3
8,142,52,1,2,373.366607666016,29,4907.58435980349,46.4109123117305,3
9,1,216,1,1,324.614105224609,23,7850.39343644157,23.0105126633366,2
49,1,NA,1,0,282.260772705078,21,7850.39343644148,21.0095985186989,2
52,1,NA,1,2,460.911041259766,27,7850.39343644162,27.0123409526123,5
96,1,NA,1,3,628.11962890625,13,7850.39343644166,13.0059419401466,1
133,1,NA,1,4,433.71044921875,14,7850.39343644172,14.0063990124655,1
136,1,NA,1,4,400.165130615234,12,7850.39343644158,12.0054848678278,2
152,1,NA,1,0,331.673370361328,17,7041.1245420341,18.9625516464724,5
159,143,163,1,1,311.334320068359,31,7704.89677024501,31.5998303304285,5
161,1,NA,1,3,267.712036132812,36,7850.39343644143,36.016454603484,2
186,1,87,1,5,231.422378540039,39,7190.29921175787,42.5997965737117,3
189,1,185,1,5,277.595306396484,37,7850.39343644154,37.0169116758025,2
198,1,NA,1,1,477.936187744141,23,4950.4146933661,36.4901909780377,6
175,1,NA,1,4,347.244964599609,30,7850.39343644164,30.0137121695692,1
73,1,NA,1,4,343.745910644531,15,7850.39343644171,15.0068560847845,1
11,1,172,NA,0,321.972930908203,27,7850.39343644143,27.012340952613,2
166,156,179,1,5,536.251281738281,1,3533.13069620098,2.22295247736505,1
184,167,183,1,5,350.862640380859,2,7850.39343644155,2.00091414463797,1
184,167,183,1,4,366.536987304688,2,7850.3934364415,2.00091414463798,2
184,50,183,1,4,356.012145996094,3,7850.39343644147,3.00137121695698,1
110,22,54,1,5,286.102874755859,3,7292.80950527385,3.23084606623613,1
166,156,179,1,1,511.54052734375,2,3481.37286656567,4.51200255474061,3
166,156,179,1,0,533.246887207031,2,3575.92121254554,4.39270395914768,4
149,28,71,1,1,480.854156494141,2,4019.79360814356,3.90765417312141,1
149,187,71,1,3,480.854156494141,2,4019.79360814356,3.90765417312141,1
118,1,NA,1,4,562.771057128906,1,4036.06158759529,1.94595187994986,1
118,1,NA,1,2,562.771057128906,1,4036.06158759529,1.94595187994986,2
118,6,11,1,3,562.771057128906,1,4036.06158759529,1.94595187994986,1
118,6,11,1,5,562.771057128906,1,4036.06158759529,1.94595187994986,2
118,6,11,1,2,565.866455078125,3,3734.87512180193,6.30862990957399,3
122,2,2,1,5,508.743347167969,3,6425.74219747606,3.66680519974459,1
122,2,2,1,6,508.743347167969,3,6425.74219747606,3.66680519974459,2
122,2,2,1,8,508.743347167969,6,6425.74219747606,7.33361039948918,3
122,2,2,1,5,508.743347167969,7,6425.74219747606,8.55587879940404,4
125,4,3,1,5,522.211059570312,3,4955.94343934225,4.75428042920735,1
125,4,3,1,8,522.211059570312,3,4955.94343934225,4.75428042920735,2
125,4,3,1,5,522.211059570312,6,4955.94343934225,9.50856085841471,3
125,4,3,1,8,522.211059570312,7,4955.94343934225,11.0933210014838,4
125,4,3,1,8,522.211059570312,7,4955.94343934225,11.0933210014838,5
125,4,3,1,4,522.211059570312,9,4955.94343934225,14.2628412876221,6
125,4,3,1,4,522.211059570312,10,4955.94343934225,15.8476014306912,7
125,13,30,1,4,522.211059570312,13,4955.94343934225,20.6018818598985,1
125,13,30,1,5,522.211059570312,16,4955.94343934225,25.3561622891059,2
125,13,9,1,5,522.211059570312,17,4955.94343934225,26.940922432175,3
125,13,9,1,4,522.211059570312,23,4955.94343934225,36.4494832905897,4
32,1,10,1,4,565.866455078125,3,3734.87512180193,6.30862990957399,1
32,1,10,1,4,565.866455078125,6,3734.87512180193,12.617259819148,2
32,1,10,1,2,565.866455078125,7,3734.87512180193,14.7201364556726,3
32,6,10,1,2,565.866455078125,7,3734.87512180193,14.7201364556726,1
32,6,10,1,3,565.866455078125,9,3734.87512180193,18.925889728722,2
32,15,28,NA,0,565.866455078125,9,3734.87512180193,18.925889728722,1
32,15,28,1,1,565.866455078125,11,3734.87512180193,23.1316430017713,2
32,15,28,1,7,565.866455078125,14,3734.87512180193,29.4402729113453,3
32,15,142,1,0,565.866455078125,16,3734.87512180193,33.6460261843946,4
32,15,142,1,7,565.866455078125,20,3734.87512180193,42.0575327304932,5
31,7,9,1,3,408.742980957031,7,5529.38234958331,9.94285943021547,1
31,7,9,1,3,408.742980957031,7,5529.38234958331,9.94285943021547,2
31,7,9,1,5,408.742980957031,10,5529.38234958331,14.2040849003078,3
31,7,9,1,7,408.742980957031,11,5529.38234958331,15.6244933903386,4
31,33,37,1,6,408.742980957031,14,5529.38234958331,19.8857188604309,1
31,33,9,1,3,408.742980957031,17,5529.38234958331,24.1469443305233,2
31,33,NA,1,4,408.742980957031,23,5529.38234958331,32.669395270708,4
115,8,7,1,4,400.483093261719,7,6571.10051289562,8.36661550526105,1
115,8,7,1,3,475.352569580078,7,6527.1800850971,8.42291322149166,2
115,8,7,1,5,475.352569580078,11,6527.1800850971,13.2360064909155,3
115,8,10,1,6,475.352569580078,13,6527.1800850971,15.6425531256274,4
115,8,14,1,9,475.352569580078,17,6527.1800850971,20.4556463950512,5
115,8,4,1,6,475.352569580078,21,6527.1800850971,25.268739664475,6
115,8,4,1,5,475.352569580078,23,6527.1800850971,27.6752862991869,7
115,8,4,1,3,475.352569580078,30,6527.1800850971,36.0981995206785,8
156,2,4,1,5,280.007720947266,7,7345.36614639313,7.48470128542438,1
156,2,4,1,3,280.007720947266,11,7345.36614639313,11.761673448524,2
156,2,4,1,5,280.007720947266,13,7345.36614639313,13.9001595300738,3
156,12,12,1,1,280.007720947266,21,7345.36614639313,22.4541038562731,1
156,12,12,1,5,280.007720947266,23,7345.36614639313,24.592589937823,2
156,12,166,1,1,282.500732421875,31,7435.50530825499,32.7447053777101,3
83,10,23,1,3,392.434112548828,8,7799.78600162435,8.05558678901072,1
83,10,23,1,3,392.434112548828,10,7799.78600162435,10.0694834862634,2
83,10,23,1,4,392.434112548828,14,7799.78600162435,14.0972768807688,3
83,10,23,1,6,392.434112548828,16,7799.78600162435,16.1111735780214,4
83,10,23,1,6,405.811492919922,23,7807.52245801812,23.1368630129138,5
165,11,8,1,6,368.324401855469,13,6144.74491500886,16.6161106203578,1
165,11,8,1,5,368.324401855469,17,6144.74491500886,21.7287600420064,2
165,11,8,1,7,368.324401855469,21,6144.74491500886,26.8414094636549,3
165,11,8,1,3,368.324401855469,23,6144.74491500886,29.3977341744792,4
165,11,NA,1,4,393.886077880859,29,5975.25580191864,38.1181115814532,5
124,9,15,1,4,366.459228515625,10,4116.99043152829,19.0769975412816,1
124,9,15,1,5,366.459228515625,12,4116.99043152829,22.8923970495379,2
124,9,15,1,4,366.459228515625,14,4116.99043152829,26.7077965577942,3
124,9,15,1,5,348.290893554688,14,4252.77334411656,25.8550677354483,4
124,9,15,1,4,366.459228515625,19,4116.99043152829,36.246295328435,5
85,37,130,1,4,239.007446289062,16,3668.69772640175,34.2529462809798,1
92,74,170,1,2,310.371765136719,29,7114.87912830917,32.0125561204562,2
101,104,131,1,1,223.859237670898,14,7455.00484685917,14.7492516952511,1
147,29,132,1,5,268.086059570312,28,7233.99088135546,30.3997460541559,2
95,37,16,1,1,333.542053222656,14,4690.04867148657,23.4444779953191,1
77,14,128,1,1,247.864135742188,9,5884.63627980333,12.0119292586309,1
77,14,128,1,4,247.864135742188,13,5884.63627980333,17.350564484689,2
101,104,131,1,1,223.859237670898,20,7455.00484685917,21.0703595646444,2
59,62,134,1,1,324.373199462891,14,7850.39343644137,14.0063990124661,1
26,71,NA,1,4,205.359527587891,19,5132.70477044737,29.0734919928988,1
147,29,132,1,5,285.291717529297,21,7523.49342353458,21.9224773690275,1
125,13,9,1,4,522.211059570312,24,4955.94343934225,38.0342434336588,5
32,15,142,1,6,565.866455078125,19,3734.87512180193,39.9546560939686,6
31,33,NA,1,0,398.243469238281,25,5645.25457511154,34.7813439122863,5
115,8,4,1,4,444.907531738281,28,6368.43654734185,34.5314715969142,9
124,9,198,1,0,389.776489257812,20,4509.34157043871,34.8342724155641,6
85,37,130,1,1,239.007446289062,17,3668.69772640175,36.393755423541,2
92,74,170,1,6,290.254760742188,32,7386.15957633086,34.0268050926721,3
147,29,132,1,2,280.701049804688,29,7182.4008870966,31.711606044498,3
59,62,134,1,5,324.373199462891,15,7850.39343644137,15.0068560847851,2
18,139,151,1,3,368.716064453125,16,3470.38729766352,36.2102829929663,1
18,139,92,1,5,387.403198242188,18,3584.07330346312,39.4444135043053,2
123,124,127,1,0,428.910766601562,30,6434.12180227485,36.6202966403168,1
83,10,23,1,1,405.811492919922,24,7807.52245801812,24.1428135786926,6
137,152,146,1,3,218.751571655273,19,7850.39343644185,19.00868437406,1
92,74,170,1,1,310.371765136719,22,7114.87912830917,24.2853874017254,1
95,121,148,1,4,327.225891113281,26,4815.4956884194,42.405504167394,1
95,102,148,1,3,333.542053222656,20,4690.04867148657,33.4921114218845,1
125,13,182,1,5,505.266815185547,31,5231.81818597082,46.5370588194532,6
124,9,198,1,6,399.587219238281,26,4562.80279093384,44.7539663316335,7
32,15,142,1,6,574.7119140625,27,3969.45257741266,53.4223548415668,7
94,74,170,1,7,273.999725341797,39,7451.69545792218,41.1054484787566,4
31,33,147,1,5,408.742980957031,30,5529.38234958331,42.6122547009234,6
147,29,132,1,1,277.760040283203,34,7006.94070621838,38.1101234834411,4
85,37,130,1,2,253.793228149414,21,3737.45277946934,44.1299526831433,3
29,164,NA,1,2,411.577911376953,14,7850.39343644141,14.006399012466,1
123,124,127,1,6,384.733154296875,35,6458.24403537266,42.5641018957323,2
112,122,200,1,2,198.751663208008,24,6311.46465970259,29.8655810304846,1
115,134,9,1,6,471.906707763672,35,6264.33004321185,43.8816849196798,1
26,140,213,1,5,187.342926025391,23,4920.4528018305,36.7123890537495,1
137,152,146,1,4,213.434204101562,23,7850.39343644154,23.0105126633367,2
172,1,NA,1,1,199.535552978516,16,5424.1830695716,23.1673054784113,1
18,139,92,1,3,414.641235351562,23,3657.82742078143,49.3849372321733,3
59,62,134,1,3,324.373199462891,18,7850.39343644137,18.0082273017421,3
66,145,45,1,4,243.02995300293,16,3279.90295079281,38.3132391503281,1
32,15,142,1,8,574.7119140625,27,3969.45257741266,53.4223548415668,8
125,13,198,1,3,505.266815185547,31,5231.81818597082,46.5370588194532,7
31,33,147,1,6,408.742980957031,30,5529.38234958331,42.6122547009234,7
147,29,196,1,4,277.760040283203,35,7006.94070621838,39.2310094682482,5
123,124,127,1,6,338.282440185547,38,6455.47867192788,46.2322497305843,3
95,121,148,1,0,327.225891113281,25,4815.4956884194,40.7745232378788,2
93,146,NA,1,1,282.274719238281,37,7335.81526914787,39.6135003125306,1
59,62,134,1,4,324.373199462891,24,7850.39343644137,24.0109697356562,4
26,140,204,1,5,187.342926025391,25,4920.4528018305,39.9047707105973,2
115,134,NA,1,0,471.906707763672,36,6264.33004321185,45.1354473459564,2
29,164,NA,1,4,411.577911376953,17,7850.39343644141,17.007770229423,2
19,139,92,1,3,366.990936279297,25,4134.47033051114,47.4908573899689,4
111,122,200,1,5,174.061141967773,26,6495.49725160891,31.4377043932635,2
94,74,170,1,5,273.999725341797,43,7451.69545792218,45.3213919124753,5
93,146,194,1,5,292.11767578125,38,7217.08984901443,41.3534136798625,2
137,152,146,1,2,232.33317565918,29,7850.39343644154,29.0132550972506,3
35,30,NA,1,4,147.256286621094,10,7850.39343644156,10.0045707231898,1
7,1,22,1,4,437.78955078125,18,7850.39343644164,18.0082273017415,1
121,31,167,1,8,466.968109130859,22,3670.60693361993,47.0733039718411,1
119,103,219,0,0,325.929229736328,19,3238.98732888195,46.0716995447542,2
116,105,201,1,1,472.484466552734,36,5936.81891376362,47.6253938228743,1
42,58,229,1,5,198.657897949219,40,7340.70274686334,42.7968923674533,1
7,41,65,1,4,438.987701416016,21,7850.3934364414,21.0095985186991,1
19,139,130,0,0,380.696472167969,31,4437.10079897008,54.872188323899,5
29,164,24,1,4,364.610076904297,17,7850.39343644156,17.0077702294227,3
38,197,180,1,4,113.870697021484,22,6816.29358268643,25.3492009772472,1
31,33,147,1,4,406.121154785156,36,5663.05330675072,49.9277198196304,8
32,15,207,1,3,534.849182128906,27,3889.93857972365,54.514357944535,9
35,30,NA,0,0,144.247619628906,10,7850.3934364416,10.0045707231898,2
66,145,45,1,4,290.435424804688,19,3074.49092781346,48.53670235145,2
82,53,164,1,5,392.943603515625,35,7806.98383452013,35.2106989095621,1
93,146,194,1,9,327.200836181641,43,7077.26503726194,47.7191695496486,3
111,122,200,1,4,174.543029785156,28,6466.66271669294,34.0069515584305,3
116,105,201,1,2,499.207336425781,41,5976.81710070313,53.8770455189387,2
119,103,219,1,2,324.078491210938,22,3250.03876021332,53.1647800828374,3
121,31,167,1,4,426.808837890625,27,3735.05952084033,56.7748660855615,2
123,124,127,1,5,336.740112304688,43,6504.42435833485,51.92176765468,4
125,13,198,1,2,509.446197509766,36,5214.2897355534,54.2247080930713,8
115,134,29,1,3,476.412872314453,41,6303.2510054692,51.086851326966,3
147,29,NA,1,3,223.330368041992,38,7260.27985018342,41.1074102169065,6
101,68,199,1,3,229.498123168945,29,7563.35077913307,30.1143598963642,1
77,118,221,1,3,231.055267333984,26,5538.81675371218,36.8677158973488,1
82,53,164,1,4,385.765197753906,37,7797.91410296081,37.2660325081958,2
119,103,219,1,1,325.929229736328,20,3238.98732888195,48.4965258365834,1
137,152,55,1,3,232.33317565918,31,7850.39343644154,31.0141692418885,5
95,121,148,1,1,333.525756835938,30,4807.04061794481,49.0154895175341,3
125,168,189,1,3,513.772766113281,36,5165.74931845486,54.7342353243834,1
123,124,127,1,6,333.861999511719,44,6555.44593547383,52.7157412777746,5
94,74,166,1,8,291.894195556641,48,7527.3971428296,50.0825333481822,7
31,33,147,1,7,406.373565673828,37,5665.43228868956,51.2930533186678,9
34,15,101,1,2,420.263732910156,28,4086.57019836533,53.8132162367485,10
77,61,221,1,1,248.518951416016,27,5702.26238535356,37.1883104961967,1
85,182,76,1,5,283.208587646484,27,4052.24193585249,52.3309090311508,1
7,41,113,1,4,430.13671875,20,7850.39343644163,20.0091414463795,2
33,178,46,1,5,558.691589355469,30,4141.72716830136,56.889176772083,1
120,34,205,1,3,299.187683105469,43,7681.35206686089,43.966375622582,1
138,194,47,1,3,375.417938232422,39,6438.92139134798,47.5708997063684,2
26,140,204,0,0,186.861297607422,32,5145.5020681689,48.8440989737318,3
138,194,NA,1,1,368.105560302734,35,6573.5447183042,41.8175229604311,1
138,194,47,1,6,328.494049072266,39,6707.61030173171,45.6653368258329,3
120,34,205,1,2,305.178161621094,45,7711.79822904064,45.8296707242584,2
33,178,207,1,5,561.881958007812,28,3816.36198206112,57.6233299631909,2
82,53,164,1,1,389.471954345703,40,7799.11980016642,40.2813744895002,3
116,67,201,1,3,498.059509277344,41,5984.81497133847,53.8050463606793,1
111,122,17,1,4,165.373931884766,27,6450.82740157533,32.8729155062381,4
66,145,45,1,2,281.092681884766,19,3361.81281383905,44.3884473374666,3
38,197,107,1,7,126.352516174316,22,6873.77699300376,25.13721293596,2
42,70,23,1,1,160.07275390625,37,6940.74074787774,41.8683438861927,1
59,17,102,0,0,321.084259033203,24,7850.39343644172,24.0109697356551,1
119,103,219,1,1,342.209625244141,23,3400.89370833973,53.1159139547469,4
191,176,35,1,2,329.907928466797,36,5268.48922530089,53.6668723673689,1
29,189,24,0,0,296.751556396484,16,7850.39343644154,16.0073131571038,1
101,68,199,1,2,277.444244384766,30,7712.23542616901,30.5513817977775,2
35,30,58,1,3,134.318695068359,10,7850.39343644169,10.0045707231897,3
59,17,102,0,0,305.049072265625,25,7850.39343644156,25.0114268079746,2
71,79,56,1,3,242.95915222168,38,7541.68619664937,39.5735508358365,1
93,32,194,1,3,292.929992675781,43,7203.84741670733,46.8806723304067,1
115,1,29,0,0,484.469177246094,41,6302.28143248936,51.0947107713914,1
137,152,NA,1,2,228.959854125977,30,7850.39343644148,30.0137121695698,4
68,88,95,1,2,327.557434082031,39,5566.49635652903,55.0265847862695,1
147,29,229,1,2,238.564666748047,40,7371.47332447329,42.6182462488158,7
99,97,78,1,5,465.963134765625,2,7850.39343644166,2.00091414463794,2
99,97,78,1,6,465.963134765625,4,7850.39343644166,4.00182828927588,3
183,96,115,1,4,618.712768554688,1,4581.11515059404,1.71442571858427,1
183,96,115,1,7,618.712768554688,1,4581.11515059404,1.71442571858427,2
99,97,78,1,4,465.963134765625,6,7850.39343644166,6.00274243391383,4
183,96,115,1,6,618.712768554688,2,4581.11515059404,3.42885143716855,3
87,120,169,1,4,374.128845214844,6,7850.39343644159,6.00274243391388,1
87,120,169,1,5,423.750091552734,9,7850.39343644154,9.00411365087087,2
183,96,115,1,6,618.712768554688,2,4581.11515059404,3.42885143716855,4
143,19,191,1,3,390.100189208984,6,7850.39343644163,6.00274243391384,1
97,1,192,1,4,377.345794677734,2,4029.94870211325,3.89780724993148,1
86,35,230,1,1,425.971282958984,6,7620.54988550114,6.18379126334503,1
87,120,169,1,3,423.750091552734,11,7850.39343644154,11.0050277955088,3
183,96,115,1,5,618.712768554688,3,4581.11515059404,5.14327715575282,5
127,1,NA,1,1,394.196685791016,6,7850.39343644157,6.00274243391389,1
143,19,191,1,5,390.100189208984,10,7850.39343644163,10.0045707231897,2
62,49,86,1,4,361.111236572266,13,7850.39343644176,13.0059419401465,1
81,193,83,1,3,431.781799316406,11,7850.39343644151,11.0050277955089,1
109,161,84,1,6,556.211547851562,14,7850.39343644154,14.0063990124658,1
180,183,140,1,4,481.666534423828,3,5446.73211053687,4.32588649923541,1
143,19,191,1,6,390.100189208984,15,7850.39343644163,15.0068560847846,3
86,35,230,1,4,381.393035888672,7,7586.41954418132,7.24687991715257,2
127,1,NA,1,6,394.196685791016,9,7850.39343644157,9.00411365087083,2
97,1,NA,1,3,377.345794677734,3,4029.94870211325,5.84671087489722,3
41,72,NA,1,4,315.939239501953,7,7714.85694294043,7.12623342784464,1
21,21,NA,1,7,357.471832275391,5,5972.69772866127,6.57490299256689,1
109,161,84,1,6,556.211547851562,12,7850.39343644154,12.0054848678278,2
87,1,NA,1,1,370.596771240234,15,7850.3934364416,15.0068560847847,1
99,162,169,1,2,465.963134765625,14,7850.39343644166,14.0063990124656,1
182,96,NA,1,1,618.712768554688,5,4581.11515059404,8.57212859292136,7
143,1,NA,1,2,390.100189208984,16,7850.39343644163,16.0073131571036,1
97,1,NA,NA,0,377.345794677734,5,4029.94870211325,9.74451812482869,4
81,193,83,1,2,431.781799316406,14,7850.39343644151,14.0063990124658,2
127,76,NA,1,3,394.196685791016,10,7850.39343644157,10.0045707231898,1
180,183,140,1,2,481.666534423828,5,5446.73211053687,7.20981083205902,2
62,49,86,1,7,379.386169433594,17,7850.39343644144,17.007770229423,2
90,1,NA,1,3,349.416534423828,9,7850.36600788085,9.00414511053498,1
202,44,NA,1,7,451.547515869141,12,7850.39343644163,12.0054848678277,1
171,1,91,1,2,374.394500732422,9,6937.48794165832,10.1889668566219,1
144,83,126,1,3,485.548095703125,6,7850.39343644153,6.00274243391392,1
117,87,110,1,3,448.219970703125,2,7850.39343644164,2.00091414463795,1
117,87,110,1,7,448.219970703125,4,7850.39343644164,4.00182828927589,2
117,99,110,1,6,448.219970703125,6,7850.39343644164,6.00274243391384,1
117,99,110,1,5,448.219970703125,8,7850.39343644164,8.00365657855178,2
17,80,104,1,4,533.104431152344,4,7850.39343644154,4.00182828927594,1
17,80,104,1,5,533.104431152344,6,7850.39343644154,6.00274243391391,2
56,98,111,1,6,480.482727050781,3,7850.3934364417,3.0013712169569,1
56,98,111,1,7,480.482727050781,4,7850.3934364417,4.00182828927586,2
43,94,114,1,1,548.160095214844,6,7850.39343644156,6.0027424339139,1
197,63,139,1,6,378.715698242188,7,7850.39343644169,7.00319950623277,1
17,80,104,1,3,533.104431152344,7,7850.39343644154,7.0031995062329,3
56,1,111,1,2,480.482727050781,6,7850.3934364417,6.00274243391379,1
27,85,136,1,5,356.144683837891,1,6495.47674334878,1.20914629430654,1
43,94,157,1,4,548.160095214844,8,7850.39343644156,8.00365657855187,2
117,99,126,1,7,455.972564697266,11,7850.39343644165,11.0050277955087,3
56,39,111,1,6,497.890197753906,8,7850.39343644153,8.0036565785519,1
51,126,156,1,7,448.572784423828,10,7850.39343644158,10.0045707231898,1
27,85,136,1,5,339.547760009766,1,6774.51684787449,1.1593419590415,2
44,94,157,1,6,485.548095703125,12,7850.39343644153,12.0054848678278,3
17,80,104,1,3,544.908874511719,9,7850.39343644166,9.00411365087073,4
197,63,139,1,3,424.001129150391,10,7850.39343644168,10.0045707231897,2
155,129,133,1,3,400.232055664062,10,7850.39343644164,10.0045707231897,1
130,135,141,1,5,428.648132324219,9,7850.39343644165,9.00411365087075,1
17,80,104,1,2,544.904418945312,13,7850.39343644171,13.0059419401465,5
130,135,141,1,6,415.634124755859,13,7850.39343644167,13.0059419401466,2
51,126,156,1,9,448.572784423828,11,7850.39343644158,11.0050277955088,2
155,129,133,1,7,400.232055664062,14,7850.39343644164,14.0063990124656,2
117,181,126,1,6,456.861785888672,14,7850.39343644161,14.0063990124657,1
185,127,153,1,3,291.335083007812,9,7850.39343644163,9.00411365087076,1
40,154,39,1,7,440.198120117188,11,7850.39343644151,11.0050277955089,1
15,117,176,1,4,264.447479248047,1,7850.39343644159,1.00045707231898,1
188,153,220,1,4,406.268890380859,14,7850.39343644159,14.0063990124657,1
197,63,139,1,1,424.001129150391,14,7850.39343644168,14.0063990124656,3
39,119,155,1,2,316.626159667969,15,7850.39343644148,15.0068560847849,1
44,94,157,1,8,479.470092773438,14,7850.39343644147,14.0063990124659,4
36,200,210,1,4,348.017395019531,11,7850.3934364416,11.0050277955088,1
58,165,186,1,7,271.897552490234,5,7827.31300058453,5.01703562473352,1
40,154,39,1,8,440.198120117188,11,7850.39343644151,11.0050277955089,2
27,1,NA,0,0,339.547760009766,3,6774.51684787449,3.47802587712451,1
114,109,178,1,6,333.79345703125,3,5972.53504263935,3.9450492519021,1
54,163,209,1,4,233.868179321289,3,7416.22355455806,3.17708126360917,1
39,119,214,1,3,316.626159667969,17,7850.39343644148,17.0077702294229,2
17,1,NA,1,5,544.904418945312,18,7850.39343644171,18.0082273017413,1
36,200,NA,1,5,348.017395019531,14,7850.3934364416,14.0063990124657,2
51,126,156,1,5,448.572784423828,13,7850.39343644158,13.0059419401467,3
130,158,203,1,3,411.348052978516,15,7850.39343644163,15.0068560847846,1
44,94,157,1,6,552.638610839844,17,7850.39343644156,17.0077702294227,5
146,172,190,1,3,349.135620117188,12,7850.39343644155,12.0054848678278,1
56,39,111,1,5,497.890197753906,14,7850.39343644153,14.0063990124658,3
197,63,139,1,6,425.944061279297,18,7850.39343644144,18.008227301742,4
196,136,160,1,7,433.415924072266,13,7850.39343644157,13.0059419401468,1
56,39,111,0,0,497.890197753906,9,7850.39343644153,9.00411365087088,2
185,127,153,0,0,291.334899902344,14,7850.39343644164,14.0063990124656,2
195,169,202,1,4,276.771820068359,19,7850.3934364416,19.0086843740606,1
185,166,153,1,2,291.334899902344,16,7850.39343644164,16.0073131571036,1
155,129,133,1,4,400.232055664062,16,7850.39343644164,16.0073131571036,3
5,188,212,1,3,384.158111572266,11,7850.39343644168,11.0050277955086,1
188,153,220,0,0,424.769195556641,17,7850.39343644159,17.0077702294227,2
55,185,227,1,3,291.067901611328,19,7850.39343644177,19.0086843740602,1
170,159,226,1,1,313.552551269531,13,7850.39343644155,13.0059419401468,1
117,171,126,0,0,456.297668457031,17,7850.39343644156,17.0077702294227,1
153,59,50,1,0,274.662933349609,13,7850.39343644157,13.0059419401468,1
5,188,212,1,3,384.158111572266,13,7850.39343644168,13.0059419401466,2
17,184,208,1,3,544.904418945312,22,7850.39343644171,22.0100555910172,1
40,154,39,1,7,484.8798828125,13,7850.39343644163,13.0059419401467,3
44,94,157,1,5,552.638610839844,21,7850.39343644156,21.0095985186986,6
56,39,111,1,8,497.890197753906,14,7850.39343644153,14.0063990124658,4
58,165,186,1,4,271.897552490234,7,7827.31300058453,7.02384987462693,2
51,126,156,1,7,448.572784423828,15,7850.39343644158,15.0068560847847,4
36,200,118,1,2,348.017395019531,14,7850.3934364416,14.0063990124657,3
114,109,178,1,8,333.79345703125,4,5972.53504263935,5.2600656692028,2
117,171,NA,1,6,456.297668457031,20,7850.39343644156,20.0091414463797,2
130,157,203,1,7,411.348052978516,19,7850.39343644163,19.0086843740605,1
146,172,190,1,7,349.135620117188,13,7850.39343644155,13.0059419401468,2
155,129,133,1,1,461.791168212891,16,7850.39343644175,16.0073131571033,4
185,166,153,1,1,291.334899902344,18,7850.39343644164,18.0082273017415,2
197,63,215,1,4,425.944061279297,22,7850.39343644144,22.010055591018,5
195,169,NA,1,3,276.771820068359,23,7850.3934364416,23.0105126633365,2
74,177,32,1,2,250.444717407227,4,7093.10245081333,4.42908117481027,1
15,117,NA,0,0,264.447479248047,4,7850.39343644159,4.00182828927592,3
141,1,NA,1,0,295.6064453125,7,7850.39343644151,7.00319950623292,1
100,51,62,1,5,338.974761962891,19,7850.39343644155,19.0086843740607,1
145,78,57,1,1,380.667633056641,16,7850.39343644153,16.0073131571038,1
44,94,157,1,9,569.744567871094,21,7850.39343644174,21.0095985186982,7
117,171,38,1,7,456.297668457031,20,7850.39343644156,20.0091414463797,3
17,184,208,1,5,544.904418945312,22,7850.39343644171,22.0100555910172,2
58,165,186,1,4,271.897552490234,8,7827.31300058453,8.02725699957363,3
54,163,59,0,0,233.868179321289,5,7416.22355455806,5.29513543934862,2
54,163,59,1,7,233.86784362793,6,7416.21465509182,6.3541701522208,3
130,1,203,1,7,411.348052978516,21,7850.39343644163,21.0095985186984,1
23,57,225,1,8,185.672256469727,14,7850.39343644168,14.0063990124655,1
56,39,NA,1,8,476.465118408203,16,7850.39343644145,16.007313157104,5
51,126,NA,1,2,448.572784423828,18,7850.39343644158,18.0082273017417,5
15,117,61,1,5,264.447479248047,7,7850.39343644159,7.00319950623286,4
185,166,122,1,3,291.334899902344,19,7850.39343644164,19.0086843740605,3
39,119,19,1,4,316.626159667969,21,7850.39343644148,21.0095985186989,3
39,119,31,1,5,316.626159667969,22,7850.39343644148,22.0100555910179,4
141,75,68,1,5,295.595489501953,9,7850.39343644151,9.0041136508709,1
146,172,190,1,6,349.140502929688,15,7850.39343644165,15.0068560847846,3
36,200,118,1,4,348.017395019531,17,7850.3934364416,17.0077702294226,4
196,1,NA,1,5,433.415924072266,17,7850.39343644157,17.0077702294227,1
74,201,32,1,3,246.75048828125,6,7552.50093672741,6.23950797207928,1
126,191,97,1,7,277.809753417969,3,5711.72739132083,4.12518723105144,1
12,1,NA,1,3,348.093933105469,24,7850.39343644163,24.0109697356554,2
195,169,77,1,6,276.771820068359,23,7850.3934364416,23.0105126633365,3
194,170,33,1,8,285.937286376953,4,7622.30824479998,4.12157649978669,2
148,1,70,1,1,294.037689208984,16,7850.3934364415,16.0073131571038,1
169,1,93,1,1,413.840728759766,20,7850.39343644156,20.0091414463796,1
142,1,120,1,2,233.36669921875,6,7850.39343644163,6.00274243391384,1
114,109,NA,1,3,333.79345703125,4,5972.53504263935,5.2600656692028,3
155,1,NA,1,4,461.791168212891,17,7850.39343644175,17.0077702294223,1
55,185,227,1,3,291.067901611328,20,7850.39343644177,20.0091414463791,2
197,1,20,1,1,425.944061279297,22,7850.39343644144,22.010055591018,1
40,154,39,1,7,484.8798828125,13,7850.39343644163,13.0059419401467,4
160,195,60,1,4,340.6435546875,20,7850.39343644152,20.0091414463798,1
188,80,220,1,0,424.769195556641,21,7850.39343644159,21.0095985186986,1
5,188,212,1,3,384.158111572266,15,7850.39343644168,15.0068560847845,3
153,59,51,1,2,274.662933349609,13,7850.39343644157,13.0059419401468,2
103,56,36,1,7,215.685821533203,1,7850.39343644167,1.00045707231897,1
154,196,81,1,1,169.736907958984,1,7325.52396235753,1.07213923186006,1
45,192,36,1,5,277.170989990234,2,7850.39343644151,2.00091414463798,1
3,5,103,1,5,498.81689453125,2,7850.3934364416,2.00091414463795,1
3,5,103,1,9,498.81689453125,3,7850.3934364416,3.00137121695693,2
3,5,103,1,7,498.81689453125,4,7850.3934364416,4.00182828927591,3
3,5,103,1,6,498.81689453125,4,7850.3934364416,4.00182828927591,4
3,5,103,1,8,498.81689453125,4,7850.3934364416,4.00182828927591,5
3,5,103,1,6,498.81689453125,7,7850.3934364416,7.00319950623284,6
6,93,105,1,6,428.908020019531,6,7850.39343644148,6.00274243391396,1
6,93,105,1,4,428.908020019531,9,7850.39343644148,9.00411365087093,2
6,92,105,1,5,428.908020019531,13,7850.39343644148,13.0059419401469,1
24,111,109,1,7,527.090148925781,2,7850.39343644163,2.00091414463795,1
24,111,112,0,0,527.090148925781,4,7850.39343644163,4.0018282892759,2
107,137,135,1,2,338.429168701172,11,7850.39343644156,11.0050277955088,1
57,112,NA,0,0,421.514587402344,7,7850.39343644151,7.00319950623293,1
57,112,125,1,1,421.514587402344,10,7850.39343644151,10.0045707231899,2
76,90,117,1,3,467.581451416016,9,7850.39343644167,9.00411365087072,1
24,111,112,0,0,527.090148925781,6,7850.39343644163,6.00274243391384,3
204,131,152,1,4,490.279754638672,3,7850.39343644142,3.001371216957,1
57,112,137,1,3,421.514587402344,13,7850.39343644151,13.0059419401469,3
76,90,117,1,3,467.581451416016,11,7850.39343644167,11.0050277955087,2
25,1,173,1,3,360.667541503906,15,7850.39343644136,15.0068560847851,1
25,108,173,1,5,359.716796875,13,7850.39343644157,13.0059419401468,1
204,1,150,1,3,490.279754638672,6,7850.39343644142,6.00274243391401,1
76,90,117,1,4,458.707702636719,13,7850.39343644156,13.0059419401468,3
6,92,105,1,3,423.261657714844,15,7850.39343644143,15.006856084785,2
3,5,103,1,2,506.195190429688,13,7850.3934364416,13.0059419401467,8
129,107,145,NA,0,362.543731689453,11,7850.39343644163,11.0050277955087,1
57,112,137,1,9,423.834991455078,16,7850.39343644152,16.0073131571038,4
107,137,135,1,5,291.845123291016,11,7850.39343644165,11.0050277955087,2
91,1,NA,1,8,451.495727539062,7,7850.39343644151,7.00319950623292,1
131,1,NA,1,3,336.747833251953,12,7850.39343644173,12.0054848678275,1
6,1,NA,1,5,423.261657714844,23,7850.39343644143,23.010512663337,1
57,112,NA,1,3,423.834991455078,25,7850.39343644152,25.0114268079747,5
129,107,145,1,4,362.543731689453,17,7850.39343644163,17.0077702294226,2
25,130,173,1,3,360.667541503906,21,7850.39343644136,21.0095985186992,1
76,90,117,1,6,458.707702636719,18,7850.39343644156,18.0082273017417,4
3,1,NA,0,0,506.195190429688,17,7850.3934364416,17.0077702294226,1
204,148,150,1,3,490.279754638672,6,7850.39343644142,6.00274243391401,1
107,137,135,1,4,291.845123291016,13,7850.39343644165,13.0059419401466,3
91,1,NA,1,4,451.495727539062,8,7850.39343644151,8.00365657855191,2
131,1,NA,1,2,336.747833251953,15,7850.39343644173,15.0068560847844,2
28,180,217,1,1,488.550140380859,17,7850.39343644158,17.0077702294227,1
167,52,228,1,7,357.531555175781,16,7850.39343644167,16.0073131571035,1
174,1,106,1,2,401.011627197266,19,7850.39343644165,19.0086843740605,2
174,1,106,1,1,401.011627197266,16,7850.39343644165,16.0073131571035,1
3,27,158,1,6,483.656829833984,21,7850.3934364416,21.0095985186985,1
6,1,NA,1,1,370.390686035156,31,7850.39343644152,31.0141692418886,2
57,112,73,1,6,420.039184570312,31,7850.39343644165,31.0141692418881,6
107,137,135,1,4,288.020812988281,16,7850.39343644155,16.0073131571037,4
76,90,117,1,6,475.005645751953,21,7850.39343644165,21.0095985186984,5
131,38,181,1,5,349.182342529297,19,7850.39343644142,19.008684374061,1
91,1,NA,1,7,458.072326660156,14,7850.3934364415,14.0063990124659,3
129,107,145,1,6,360.781951904297,19,7850.3934364415,19.0086843740608,3
204,1,NA,1,1,500.648620605469,9,7850.39343644158,9.00411365087082,3
25,130,173,1,2,382.474822998047,23,7850.39343644155,23.0105126633366,2
69,110,197,1,1,531.845275878906,11,7850.39343644172,11.0050277955086,3
69,110,154,1,5,404.322204589844,7,7850.39343644141,7.00319950623301,2
72,73,193,1,4,405.852264404297,16,7850.39343644171,16.0073131571034,1
3,1,158,1,2,483.656829833984,25,7850.3934364416,25.0114268079745,3
6,1,NA,1,1,432.915252685547,29,7850.39343644158,29.0132550972504,3
4,24,224,1,1,351.490417480469,14,7850.39343644155,14.0063990124658,1
25,43,98,1,2,331.21826171875,24,7850.39343644156,24.0109697356556,1
28,1,217,1,6,462.203247070312,20,7850.39343644146,20.0091414463799,1
57,112,73,1,7,420.039184570312,34,7850.39343644165,34.015540458845,7
69,110,154,1,5,404.322204589844,7,7850.39343644141,7.00319950623301,1
76,90,117,1,4,475.005645751953,23,7850.39343644165,23.0105126633363,6
60,1,NA,1,1,284.529907226562,26,7850.39343644143,26.011883880294,1
91,1,NA,0,0,458.072326660156,16,7850.3934364415,16.0073131571039,4
107,137,135,1,4,288.020812988281,19,7850.39343644155,19.0086843740607,5
129,107,145,1,4,360.781951904297,20,7850.3934364415,20.0091414463798,4
131,38,181,1,4,350.847381591797,23,7850.39343644139,23.0105126633371,2
167,52,228,1,2,357.531555175781,18,7850.39343644167,18.0082273017414,2
174,1,106,1,1,395.882385253906,23,7850.39343644156,23.0105126633366,3
176,198,40,1,3,381.627838134766,18,7850.39343644142,18.008227301742,1
204,40,211,1,4,500.648620605469,13,7850.39343644158,13.0059419401467,1
200,1,NA,1,2,288.048217773438,27,7850.39343644159,27.0123409526124,1
72,91,66,1,3,400.050415039062,15,7850.39343644157,15.0068560847847,1
91,1,NA,1,5,447.46533203125,15,7850.39343644161,15.0068560847846,5
204,40,211,1,3,507.2197265625,14,7850.39343644132,14.0063990124662,2
69,110,26,1,6,545.963989257812,13,7850.39343644157,13.0059419401468,5
176,198,40,1,4,389.935424804688,16,7850.39343644149,16.0073131571039,2
107,137,135,1,5,267.929046630859,18,7850.39343644165,18.0082273017415,6
174,1,NA,1,3,411.201782226562,20,7850.39343644155,20.0091414463797,4
3,1,79,0,0,513.917175292969,23,7850.39343644161,23.0105126633365,4
200,23,116,1,4,350.403900146484,27,7850.39343644151,27.0123409526127,1
57,112,73,1,5,417.244934082031,30,7850.39343644157,30.0137121695694,8
60,89,NA,1,5,290.044586181641,27,7850.39343644164,27.0123409526123,1
28,1,217,1,7,485.991912841797,21,7850.3934364416,21.0095985186985,2
129,107,82,1,6,361.479797363281,22,7850.3934364415,22.0100555910178,5
113,84,63,1,3,305.84228515625,16,7850.39343644155,16.0073131571037,1
4,24,94,1,1,352.332275390625,15,7850.39343644153,15.0068560847848,2
46,86,NA,1,0,365.269866943359,10,7850.39343644168,10.0045707231897,1
24,111,NA,1,5,501.818084716797,15,7850.39343644163,15.0068560847846,8
131,1,181,0,0,364.841583251953,21,7850.39343644141,21.009598518699,5
76,90,69,1,4,480.844268798828,24,7850.39343644146,24.0109697356559,7
25,26,98,1,3,364.529052734375,26,7850.39343644141,26.0118838802941,1
167,1,228,1,0,360.814025878906,18,7850.39343644154,18.0082273017417,1
203,25,NA,1,1,326.278106689453,22,7850.39343644159,22.0100555910175,1
187,36,NA,1,2,196.60758972168,17,7850.39343644162,17.0077702294226,1
128,100,44,1,5,288.900939941406,1,7850.39343644146,1.000457072319,1
205,42,5,NA,0,433.695129394531,7,4626.76520502006,11.8825721647103,1
205,42,5,NA,0,433.695129394531,7,4626.76520502006,11.8825721647103,2
205,42,5,NA,0,433.695129394531,10,4626.76520502006,16.9751030924432,3
205,42,6,NA,0,433.695129394531,18,4626.76520502006,30.5551855663978,7
80,48,43,NA,0,409.996978759766,3,7850.39343644146,3.00137121695699,1
104,47,80,NA,0,475.745300292969,10,6666.39828349855,11.781446742262,2
157,132,143,NA,0,292.225952148438,25,7805.72342437948,25.1545603365995,1
157,132,143,NA,0,292.225952148438,33,7805.72342437948,33.2040196443114,2
199,1,NA,0,0,477.936187744141,17,4950.4146933661,26.9710107228974,3
177,1,NA,0,0,485.686920166016,13,7850.39343644142,13.005941940147,2
64,1,NA,0,0,443.092987060547,23,7850.39343644166,23.0105126633363,2
63,155,177,NA,0,305.429321289062,2,7716.59003613407,2.03560940705598,1
63,155,177,NA,0,398.0712890625,2,7829.18157492416,2.006335287747,2
166,156,179,0,0,464.229827880859,2,3651.75758181779,4.30148029161612,2
84,10,23,0,0,244.014785766602,32,7608.08782726008,33.0342417166462,8
99,97,78,NA,0,465.963134765625,2,7850.39343644166,2.00091414463794,1
193,151,175,NA,0,280.463531494141,11,7850.39343644157,11.0050277955088,1
193,151,175,NA,0,280.463531494141,13,7850.39343644157,13.0059419401468,2
194,170,33,NA,0,282.608154296875,4,7434.43539942961,4.22573132296075,1
193,151,175,NA,0,280.463531494141,15,7850.39343644157,15.0068560847847,3
12,1,NA,NA,0,332.529113769531,22,7850.39343644147,22.0100555910179,1
193,151,175,0,0,280.463531494141,17,7850.39343644157,17.0077702294227,4
24,111,112,0,0,543.271240234375,9,7850.39343644158,9.00411365087082,5
24,111,112,0,0,509.274658203125,13,7850.39343644167,13.0059419401466,6
24,111,112,0,0,509.274658203125,16,7850.39343644167,16.0073131571035,7
